[{"pk": 1, "model": "auth.user", "fields": {"username": "bob", "first_name": "Bob", "last_name": "Jones", "is_active": true, "is_superuser": false, "is_staff": false, "last_login": "2008-06-11 01:03:58", "groups": [], "user_permissions": [], "password": "!", "email": "bob@example.com", "date_joined": "2008-06-11 01:03:58"}}, {"pk": 4, "model": "auth.user", "fields": {"username": "bone", "first_name": "The", "last_name": "Bone Doctress", "is_active": true, "is_superuser": false, "is_staff": false, "last_login": "2008-06-11 01:08:41", "groups": [], "user_permissions": [], "password": "!", "email": "bone@example.com", "date_joined": "2008-06-11 01:08:41"}}, {"pk": 3, "model": "auth.user", "fields": {"username": "jill", "first_name": "Jill", "last_name": "Asonetuhid", "is_active": true, "is_superuser": false, "is_staff": false, "last_login": "2008-06-11 01:07:32", "groups": [], "user_permissions": [], "password": "!", "email": "jill@example.com", "date_joined": "2008-06-11 01:07:32"}}, {"pk": 2, "model": "auth.user", "fields": {"username": "joe", "first_name": "Joseph", "last_name": "Smith", "is_active": true, "is_superuser": false, "is_staff": false, "last_login": "2008-06-11 01:06:25", "groups": [], "user_permissions": [], "password": "!", "email": "joe@example.com", "date_joined": "2008-06-11 01:06:25"}}, {"pk": 64, "model": "auth.permission", "fields": {"codename": "add_announcement", "name": "Can add announcement", "content_type": 22}}, {"pk": 65, "model": "auth.permission", "fields": {"codename": "change_announcement", "name": "Can change announcement", "content_type": 22}}, {"pk": 66, "model": "auth.permission", "fields": {"codename": "delete_announcement", "name": "Can delete announcement", "content_type": 22}}, {"pk": 58, "model": "auth.permission", "fields": {"codename": "add_announcementkind", "name": "Can add announcement kind", "content_type": 20}}, {"pk": 59, "model": "auth.permission", "fields": {"codename": "change_announcementkind", "name": "Can change announcement kind", "content_type": 20}}, {"pk": 60, "model": "auth.permission", "fields": {"codename": "delete_announcementkind", "name": "Can delete announcement kind", "content_type": 20}}, {"pk": 55, "model": "auth.permission", "fields": {"codename": "add_article", "name": "Can add article", "content_type": 19}}, {"pk": 56, "model": "auth.permission", "fields": {"codename": "change_article", "name": "Can change article", "content_type": 19}}, {"pk": 57, "model": "auth.permission", "fields": {"codename": "delete_article", "name": "Can delete article", "content_type": 19}}, {"pk": 61, "model": "auth.permission", "fields": {"codename": "add_articlerevision", "name": "Can add article revision", "content_type": 21}}, {"pk": 62, "model": "auth.permission", "fields": {"codename": "change_articlerevision", "name": "Can change article revision", "content_type": 21}}, {"pk": 63, "model": "auth.permission", "fields": {"codename": "delete_articlerevision", "name": "Can delete article revision", "content_type": 21}}, {"pk": 52, "model": "auth.permission", "fields": {"codename": "add_category", "name": "Can add category", "content_type": 18}}, {"pk": 53, "model": "auth.permission", "fields": {"codename": "change_category", "name": "Can change category", "content_type": 18}}, {"pk": 54, "model": "auth.permission", "fields": {"codename": "delete_category", "name": "Can delete category", "content_type": 18}}, {"pk": 22, "model": "auth.permission", "fields": {"codename": "add_comment", "name": "Can add comment", "content_type": 8}}, {"pk": 23, "model": "auth.permission", "fields": {"codename": "change_comment", "name": "Can change comment", "content_type": 8}}, {"pk": 24, "model": "auth.permission", "fields": {"codename": "delete_comment", "name": "Can delete comment", "content_type": 8}}, {"pk": 13, "model": "auth.permission", "fields": {"codename": "add_contenttype", "name": "Can add content type", "content_type": 5}}, {"pk": 14, "model": "auth.permission", "fields": {"codename": "change_contenttype", "name": "Can change content type", "content_type": 5}}, {"pk": 15, "model": "auth.permission", "fields": {"codename": "delete_contenttype", "name": "Can delete content type", "content_type": 5}}, {"pk": 25, "model": "auth.permission", "fields": {"codename": "add_freecomment", "name": "Can add free comment", "content_type": 9}}, {"pk": 26, "model": "auth.permission", "fields": {"codename": "change_freecomment", "name": "Can change free comment", "content_type": 9}}, {"pk": 27, "model": "auth.permission", "fields": {"codename": "delete_freecomment", "name": "Can delete free comment", "content_type": 9}}, {"pk": 4, "model": "auth.permission", "fields": {"codename": "add_group", "name": "Can add group", "content_type": 2}}, {"pk": 5, "model": "auth.permission", "fields": {"codename": "change_group", "name": "Can change group", "content_type": 2}}, {"pk": 6, "model": "auth.permission", "fields": {"codename": "delete_group", "name": "Can delete group", "content_type": 2}}, {"pk": 28, "model": "auth.permission", "fields": {"codename": "add_karmascore", "name": "Can add karma score", "content_type": 10}}, {"pk": 29, "model": "auth.permission", "fields": {"codename": "change_karmascore", "name": "Can change karma score", "content_type": 10}}, {"pk": 30, "model": "auth.permission", "fields": {"codename": "delete_karmascore", "name": "Can delete karma score", "content_type": 10}}, {"pk": 1, "model": "auth.permission", "fields": {"codename": "add_message", "name": "Can add message", "content_type": 1}}, {"pk": 2, "model": "auth.permission", "fields": {"codename": "change_message", "name": "Can change message", "content_type": 1}}, {"pk": 3, "model": "auth.permission", "fields": {"codename": "delete_message", "name": "Can delete message", "content_type": 1}}, {"pk": 31, "model": "auth.permission", "fields": {"codename": "add_moderatordeletion", "name": "Can add moderator deletion", "content_type": 11}}, {"pk": 32, "model": "auth.permission", "fields": {"codename": "change_moderatordeletion", "name": "Can change moderator deletion", "content_type": 11}}, {"pk": 33, "model": "auth.permission", "fields": {"codename": "delete_moderatordeletion", "name": "Can delete moderator deletion", "content_type": 11}}, {"pk": 70, "model": "auth.permission", "fields": {"codename": "add_option", "name": "Can add option", "content_type": 24}}, {"pk": 71, "model": "auth.permission", "fields": {"codename": "change_option", "name": "Can change option", "content_type": 24}}, {"pk": 72, "model": "auth.permission", "fields": {"codename": "delete_option", "name": "Can delete option", "content_type": 24}}, {"pk": 10, "model": "auth.permission", "fields": {"codename": "add_permission", "name": "Can add permission", "content_type": 4}}, {"pk": 11, "model": "auth.permission", "fields": {"codename": "change_permission", "name": "Can change permission", "content_type": 4}}, {"pk": 12, "model": "auth.permission", "fields": {"codename": "delete_permission", "name": "Can delete permission", "content_type": 4}}, {"pk": 67, "model": "auth.permission", "fields": {"codename": "add_poll", "name": "Can add poll", "content_type": 23}}, {"pk": 68, "model": "auth.permission", "fields": {"codename": "change_poll", "name": "Can change poll", "content_type": 23}}, {"pk": 69, "model": "auth.permission", "fields": {"codename": "delete_poll", "name": "Can delete poll", "content_type": 23}}, {"pk": 46, "model": "auth.permission", "fields": {"codename": "add_position", "name": "Can add position", "content_type": 16}}, {"pk": 47, "model": "auth.permission", "fields": {"codename": "change_position", "name": "Can change position", "content_type": 16}}, {"pk": 48, "model": "auth.permission", "fields": {"codename": "delete_position", "name": "Can delete position", "content_type": 16}}, {"pk": 43, "model": "auth.permission", "fields": {"codename": "add_positionheld", "name": "Can add position held", "content_type": 15}}, {"pk": 44, "model": "auth.permission", "fields": {"codename": "change_positionheld", "name": "Can change position held", "content_type": 15}}, {"pk": 45, "model": "auth.permission", "fields": {"codename": "delete_positionheld", "name": "Can delete position held", "content_type": 15}}, {"pk": 16, "model": "auth.permission", "fields": {"codename": "add_session", "name": "Can add session", "content_type": 6}}, {"pk": 17, "model": "auth.permission", "fields": {"codename": "change_session", "name": "Can change session", "content_type": 6}}, {"pk": 18, "model": "auth.permission", "fields": {"codename": "delete_session", "name": "Can delete session", "content_type": 6}}, {"pk": 19, "model": "auth.permission", "fields": {"codename": "add_site", "name": "Can add site", "content_type": 7}}, {"pk": 20, "model": "auth.permission", "fields": {"codename": "change_site", "name": "Can change site", "content_type": 7}}, {"pk": 21, "model": "auth.permission", "fields": {"codename": "delete_site", "name": "Can delete site", "content_type": 7}}, {"pk": 40, "model": "auth.permission", "fields": {"codename": "add_tag", "name": "Can add tag", "content_type": 14}}, {"pk": 41, "model": "auth.permission", "fields": {"codename": "change_tag", "name": "Can change tag", "content_type": 14}}, {"pk": 42, "model": "auth.permission", "fields": {"codename": "delete_tag", "name": "Can delete tag", "content_type": 14}}, {"pk": 37, "model": "auth.permission", "fields": {"codename": "add_taggeditem", "name": "Can add tagged item", "content_type": 13}}, {"pk": 38, "model": "auth.permission", "fields": {"codename": "change_taggeditem", "name": "Can change tagged item", "content_type": 13}}, {"pk": 39, "model": "auth.permission", "fields": {"codename": "delete_taggeditem", "name": "Can delete tagged item", "content_type": 13}}, {"pk": 7, "model": "auth.permission", "fields": {"codename": "add_user", "name": "Can add user", "content_type": 3}}, {"pk": 8, "model": "auth.permission", "fields": {"codename": "change_user", "name": "Can change user", "content_type": 3}}, {"pk": 9, "model": "auth.permission", "fields": {"codename": "delete_user", "name": "Can delete user", "content_type": 3}}, {"pk": 34, "model": "auth.permission", "fields": {"codename": "add_userflag", "name": "Can add user flag", "content_type": 12}}, {"pk": 35, "model": "auth.permission", "fields": {"codename": "change_userflag", "name": "Can change user flag", "content_type": 12}}, {"pk": 36, "model": "auth.permission", "fields": {"codename": "delete_userflag", "name": "Can delete user flag", "content_type": 12}}, {"pk": 49, "model": "auth.permission", "fields": {"codename": "add_userprofile", "name": "Can add user profile", "content_type": 17}}, {"pk": 50, "model": "auth.permission", "fields": {"codename": "change_userprofile", "name": "Can change user profile", "content_type": 17}}, {"pk": 51, "model": "auth.permission", "fields": {"codename": "delete_userprofile", "name": "Can delete user profile", "content_type": 17}}, {"pk": 22, "model": "contenttypes.contenttype", "fields": {"model": "announcement", "name": "announcement", "app_label": "articles"}}, {"pk": 20, "model": "contenttypes.contenttype", "fields": {"model": "announcementkind", "name": "announcement kind", "app_label": "articles"}}, {"pk": 19, "model": "contenttypes.contenttype", "fields": {"model": "article", "name": "article", "app_label": "articles"}}, {"pk": 21, "model": "contenttypes.contenttype", "fields": {"model": "articlerevision", "name": "article revision", "app_label": "articles"}}, {"pk": 18, "model": "contenttypes.contenttype", "fields": {"model": "category", "name": "category", "app_label": "articles"}}, {"pk": 8, "model": "contenttypes.contenttype", "fields": {"model": "comment", "name": "comment", "app_label": "comments"}}, {"pk": 5, "model": "contenttypes.contenttype", "fields": {"model": "contenttype", "name": "content type", "app_label": "contenttypes"}}, {"pk": 9, "model": "contenttypes.contenttype", "fields": {"model": "freecomment", "name": "free comment", "app_label": "comments"}}, {"pk": 2, "model": "contenttypes.contenttype", "fields": {"model": "group", "name": "group", "app_label": "auth"}}, {"pk": 10, "model": "contenttypes.contenttype", "fields": {"model": "karmascore", "name": "karma score", "app_label": "comments"}}, {"pk": 1, "model": "contenttypes.contenttype", "fields": {"model": "message", "name": "message", "app_label": "auth"}}, {"pk": 11, "model": "contenttypes.contenttype", "fields": {"model": "moderatordeletion", "name": "moderator deletion", "app_label": "comments"}}, {"pk": 24, "model": "contenttypes.contenttype", "fields": {"model": "option", "name": "option", "app_label": "polls"}}, {"pk": 4, "model": "contenttypes.contenttype", "fields": {"model": "permission", "name": "permission", "app_label": "auth"}}, {"pk": 23, "model": "contenttypes.contenttype", "fields": {"model": "poll", "name": "poll", "app_label": "polls"}}, {"pk": 16, "model": "contenttypes.contenttype", "fields": {"model": "position", "name": "position", "app_label": "accounts"}}, {"pk": 15, "model": "contenttypes.contenttype", "fields": {"model": "positionheld", "name": "position held", "app_label": "accounts"}}, {"pk": 6, "model": "contenttypes.contenttype", "fields": {"model": "session", "name": "session", "app_label": "sessions"}}, {"pk": 7, "model": "contenttypes.contenttype", "fields": {"model": "site", "name": "site", "app_label": "sites"}}, {"pk": 14, "model": "contenttypes.contenttype", "fields": {"model": "tag", "name": "tag", "app_label": "tagging"}}, {"pk": 13, "model": "contenttypes.contenttype", "fields": {"model": "taggeditem", "name": "tagged item", "app_label": "tagging"}}, {"pk": 3, "model": "contenttypes.contenttype", "fields": {"model": "user", "name": "user", "app_label": "auth"}}, {"pk": 12, "model": "contenttypes.contenttype", "fields": {"model": "userflag", "name": "user flag", "app_label": "comments"}}, {"pk": 17, "model": "contenttypes.contenttype", "fields": {"model": "userprofile", "name": "user profile", "app_label": "accounts"}}, {"pk": 1, "model": "sites.site", "fields": {"domain": "example.com", "name": "example.com"}}, {"pk": 1, "model": "accounts.positionheld", "fields": {"position": 1, "date_end": null, "date_start": "2007-09-01", "user_profile": 2}}, {"pk": 2, "model": "accounts.positionheld", "fields": {"position": 2, "date_end": "2007-01-06", "date_start": "2007-01-01", "user_profile": 2}}, {"pk": 3, "model": "accounts.positionheld", "fields": {"position": 9, "date_end": "2008-09-30", "date_start": "2008-06-04", "user_profile": 3}}, {"pk": 4, "model": "accounts.positionheld", "fields": {"position": 10, "date_end": null, "date_start": "2008-06-11", "user_profile": 4}}, {"pk": 5, "model": "accounts.positionheld", "fields": {"position": 1, "date_end": "2008-05-30", "date_start": "2007-09-01", "user_profile": 1}}, {"pk": 6, "model": "accounts.positionheld", "fields": {"position": 3, "date_end": "2009-05-30", "date_start": "2008-09-01", "user_profile": 1}}, {"pk": 7, "model": "accounts.positionheld", "fields": {"position": 4, "date_end": "2008-08-31", "date_start": "2008-05-03", "user_profile": 1}}, {"pk": 1, "model": "accounts.position", "fields": {"name": "Staff Reporter"}}, {"pk": 2, "model": "accounts.position", "fields": {"name": "Staff Photographer"}}, {"pk": 3, "model": "accounts.position", "fields": {"name": "Editor-in-Chief"}}, {"pk": 4, "model": "accounts.position", "fields": {"name": "News Editor"}}, {"pk": 5, "model": "accounts.position", "fields": {"name": "Arts Editor"}}, {"pk": 6, "model": "accounts.position", "fields": {"name": "Features Editor"}}, {"pk": 7, "model": "accounts.position", "fields": {"name": "Photography Editor"}}, {"pk": 8, "model": "accounts.position", "fields": {"name": "Technical Director"}}, {"pk": 9, "model": "accounts.position", "fields": {"name": "Columnist"}}, {"pk": 10, "model": "accounts.position", "fields": {"name": "Reader"}}, {"pk": 1, "model": "accounts.userprofile", "fields": {"bio": "", "contact": "", "user": 1}}, {"pk": 2, "model": "accounts.userprofile", "fields": {"bio": "I'm pretty much the man.", "contact": "I'm pretty much unreachable except by campus mail.", "user": 2}}, {"pk": 3, "model": "accounts.userprofile", "fields": {"bio": "", "contact": "", "user": 4}}, {"pk": 4, "model": "accounts.userprofile", "fields": {"bio": "", "contact": "", "user": 3}}, {"pk": 1, "model": "articles.category", "fields": {"slug": "news", "name": "News", "parent": null, "description": "What goes on hereabouts."}}, {"pk": 2, "model": "articles.category", "fields": {"slug": "features", "name": "Features", "parent": null, "description": "Some random stuffs."}}, {"pk": 3, "model": "articles.category", "fields": {"slug": "columns", "name": "Columns", "parent": null, "description": "What we talk about when we talk about love."}}, {"pk": 4, "model": "articles.category", "fields": {"slug": "bone_doctress", "name": "The Bone Doctress", "parent": 3, "description": "Everyone's favorite sex columnist."}}, {"pk": 1, "model": "articles.article", "fields": {"category": 4, "subtitle": "It's True: Not Like You Do", "headline": "Nobody Loves Me", "text": "To pretend no one can find\nThe fallacies of morning rose\nForbidden fruit, hidden eyes\nCurtises that I despise in me\nTake a ride, take a shot now\n\nCos nobody loves me\nIts true\nNot like you do\n\nCovered by the blind belief\nThat fantasies of sinful screens\nBear the facts, assume the dye\nEnd the vows no need to lie, enjoy\nTake a ride, take a shot now\n\nCos nobody loves me\nIts true\nNot like you do\n\nWho oo am I, what and why\nCos all I have left is my memories of yesterday\nOhh these sour times\n\nCos nobody loves me\nIts true\nNot like you do\n\nAfter time the bitter taste\nOf innocence decent or race\nScattered seeds, buried lives\nMysteries of our disguise revolve\nCircumstance will decide ....\n\nCos nobody loves me\nIts true\nNot like you do\n\nCos nobody loves me\nIts true\nNot like you\nNobody loves.. me\nIts true\nNot, like, you.. do\n\nSorry I forgot to cite! Hehe, no plagiarism plz. its by portishead, called nobody loves me, off dummy i think. mebbe portishead. actually i think its off theyr secund album. lawl. kkthx.", "summary": "The Bone Doctress takes a break from her usual witty recountings of her sexual escapades to share with you the lyrics to a Portishead song.", "authors": [3], "pub_date": "2008-06-10 22:49:59", "slug": "no_love"}}, {"pk": 2, "model": "articles.article", "fields": {"category": 1, "subtitle": "Allegations of Involvement with the Emperor's Club VIP Surface", "headline": "Al Bloom Is Being Pressured Out by the Board of Managers", "text": "An investigation by the Gazette has uncovered connections between Al Bloom and the Emperor's Club VIP. Photos have surfaced that show him clearly engaging in unseemly acts with a woman who looks suspiciously like former New York governor Spitzer's pricey prostitute.\n\nA senior member of the Board of Managers, who wished to remain anonymous, supplied these photos to the community and claimed that they were the true cause behind Al Bloom's unexpected retirement.\n\nThe College and other Board members refused comment. Some students, however, have expressed concern that the photos may be fake: \"I can tell by the pixels,\" claimed a rising senior, \"and by having seen a few 'shops in my time.\"\n\nThe Gazette will have more on this story as information becomes available.\n\n[source: http:\/\/dailyjolt.com]", "summary": "A Daily Gazette investigation has uncovered behind-the-scenes allegations that Al Bloom was but one of many figures involved in the so-called Emperor's Club VIP scandal. Some sources say this is related to his recent resignation.", "authors": [1, 2], "pub_date": "2008-06-10 23:47:47", "slug": "bloom_scandal"}}, {"pk": 1, "model": "articles.announcementkind", "fields": {"name": "staff", "description": "Announcements from the staff."}}, {"pk": 2, "model": "articles.announcementkind", "fields": {"name": "Community", "description": "Announcements from the greater Swarthmore community. Give us yours!"}}, {"pk": 1, "model": "articles.articlerevision", "fields": {"date": "2008-06-10 22:52:46", "article": 1, "active": true, "delta": "@@ -819,192 +819,4 @@\n . do\n-%0A%0ASorry I forgot to cite! Hehe, no plagiarism plz. its by portishead, called nobody loves me, off dummy i think. mebbe portishead. actually i think its off theyr secund album. lawl. kkthx.\n"}}, {"pk": 1, "model": "articles.announcement", "fields": {"text": "We're up and publishing for a very special summer term! This is a very special term, though, so only a select handful get to read us right now.", "kind": 1, "date_start": "2008-06-10", "slug": "summer_return", "date_end": "2008-06-10"}}, {"pk": 2, "model": "articles.announcement", "fields": {"text": "There will be cookies in each and every cabinet across campus, courtesy of the Summer Cookie Faries. Get them while they last!", "kind": 2, "date_start": "2008-06-10", "slug": "cookies", "date_end": "2008-08-20"}}, {"pk": 1, "model": "polls.poll", "fields": {"time_start": "2008-06-10 23:59:53", "name": "Is publishing information like this valid?", "time_stop": "2008-09-01 00:00:00", "voters": [1, 2, 3, 4], "question": "We got most of our information for this article from the Daily Jolt. Do you think that's okay?", "article": 2, "allow_anon": true, "slug": "is_jolt_legit"}}, {"pk": 1, "model": "polls.option", "fields": {"votes": 2, "poll": 1, "name": "yes", "description": "Absolutely. Don't you know that's where CNN gets its news from?"}}, {"pk": 2, "model": "polls.option", "fields": {"votes": 1, "poll": 1, "name": "no", "description": "Absolutely not. Don't you know that's where CNN gets its news from?"}}, {"pk": 3, "model": "polls.option", "fields": {"votes": 1, "poll": 1, "name": "apathy", "description": "I couldn't care less."}}]
